symbol,Mean_Return,Volatility,Momentum,KMeans_Cluster,Hierarchical_Cluster,DBSCAN_Cluster,GMM_Cluster,GMM_Max_Prob,PCA1,PCA2
ADAUSDT,0.0020632999744044297,0.053697412981759125,0.003873497697065402,0,4,0,0,0.9735754869042316,-0.5271633867593243,-0.10280445630293586
ALGOUSDT,0.0008500179159276463,0.06039640276280562,-0.00449306461352657,4,1,0,0,0.8930355933186693,-0.9899290117148559,-0.9482569406975965
ANKRUSDT,0.0024072672456475655,0.065533210642652,7.716903996325218e-05,0,0,0,0,0.9996458055716673,0.5633273407059873,0.11220339190819756
ARDRUSDT,0.0023693443523359232,0.06398200514197037,0.000377835460992908,0,0,0,0,0.9994376974849252,0.42603181619618663,0.08862941331329295
ARPAUSDT,0.0023646440140368936,0.07155627509127205,6.835844197650097e-05,0,0,0,0,0.999868613117442,0.9496064144353648,0.07603604373719888
ATOMUSDT,0.0017353890506404354,0.057858750172369765,0.0009071765399350919,4,4,0,0,0.9865094622677995,-0.4882515024851485,-0.33504877922845105
BANDUSDT,0.0026479208020930714,0.07589308701798585,0.0015815534591194914,2,0,0,0,0.9999922901197419,1.468489914400437,0.26584275174244804
BATUSDT,0.0014278447266613098,0.05430866109677967,-0.00041524158757549656,4,4,0,0,0.9730608369040286,-0.9711853498726737,-0.5420505885156299
BCHUSDT,0.0018380660348735788,0.052880119107670605,2.4690323735155366,1,2,1,1,1.0,-2.208345790382363,3.106493871404105
BNBUSDT,0.0026160472664925427,0.046034934503102434,2.5618172197693503,1,2,1,1,1.0,-2.1404679448521544,3.7708480796379185
BNTUSDT,0.002122114503528633,0.058611819546828876,0.003223872326090617,0,4,0,0,0.9923306283990261,-0.1395751520240423,-0.06946485073362747
BTCUSDT,0.0016324853895999859,0.04391098977716121,2.5618172197693503,1,2,1,1,1.0,-3.0452454253330536,3.1036684272541257
CELRUSDT,0.0020008516164876033,0.07094673267285868,-6.42822522130316e-05,0,3,0,0,0.9984502093264904,0.6272813734875465,-0.17112468727834731
CHRUSDT,0.003244941601804069,0.07312404220403079,0.0005648402189265535,2,0,0,0,0.9999999418960118,1.7359163337588126,0.6742400828069729
CHZUSDT,0.0029771959731859986,0.06930375714328212,0.00024421086616635405,2,0,0,0,0.9999970718166532,1.2642238318738197,0.4960228572450093
COMPUSDT,0.0008279781883481772,0.05822853850425067,-0.17284098889229757,4,1,0,4,1.0,-1.0586418998050673,-1.1902687107610308
COSUSDT,0.0015695585548618205,0.07143284382495406,-0.00015841117266851345,0,3,0,0,0.9804572297824391,0.32921644175725684,-0.4654909649013159
COTIUSDT,0.00309123495039394,0.07285653468178047,0.00028923294197719964,2,0,0,0,0.9999997044658956,1.599165770519965,0.5695240996059328
CRVUSDT,0.001636479878318666,0.0746952984256832,-0.015448991424310226,0,3,0,4,0.9999999999998961,0.6167204040435796,-0.44464056242016997
CTSIUSDT,0.002844084683187388,0.0811639498923758,0.0002724807220469678,2,0,0,0,0.9999996878619987,1.986978693674517,0.3913803889851989
CVCUSDT,0.0030719276619020418,0.08000018163380798,0.00042142466901290486,2,0,0,0,0.9999999673829653,2.0812758976695784,0.5480973598868119
DASHUSDT,0.000721767672007549,0.0525743663861424,-0.17284098889229757,4,1,0,4,1.0,-1.533798095960625,-1.2558893697711868
DATAUSDT,0.0016279411537535636,0.06792256522507323,-0.00030420524852276676,0,3,0,0,0.9885827949801846,0.12999461693281655,-0.42178022261350645
DCRUSDT,0.0014335316218491857,0.05461856992890316,-0.00640253141167766,4,4,0,4,0.9887114086966604,-0.9417212516017154,-0.5467102571621363
DENTUSDT,0.002453007706778951,0.0713827352632821,2.0993681917211428e-06,2,0,0,0,0.9999263018365743,1.005579548563254,0.1363169844813859
DGBUSDT,0.0012535644527327877,0.060264594247869355,-0.00016583664094083067,4,4,0,0,0.9731887300295182,-0.6910586486015533,-0.6674299719717682
DIAUSDT,0.0014846894166964427,0.06825251220220382,-0.007447892156862743,0,3,0,4,0.9522560166421115,0.046903404082649085,-0.5294510726313297
DOGEUSDT,0.0032505572656438882,0.0819010381877543,0.0014456628640850426,2,0,0,0,0.9999999977561811,2.3504144774627376,0.6688694368872361
DOTUSDT,0.0015732648327593443,0.05506863961461077,-0.009471762838468713,4,4,0,4,0.9999995004200888,-0.8010540805735115,-0.45628613626601855
DUSKUSDT,0.0018442022326503097,0.07189917841164474,-0.0006701270278543004,0,3,0,0,0.9963976007961326,0.5733434333839472,-0.27973958784195346
EGLDUSDT,0.0014264660137451436,0.05560428571765277,0.03782266817410983,4,4,0,4,1.0,-0.9046046321971021,-0.49237957442767344
ENJUSDT,0.0015745692332255232,0.06322285425864496,-0.0004480696583076688,0,4,0,0,0.9862011480134464,-0.23799938783185584,-0.4527503739442007
ETCUSDT,0.0015465073982828662,0.054038093017052195,0.04668685748124755,4,4,0,4,1.0,-0.926406596289908,-0.3967019485017525
ETHUSDT,0.0018511753317422448,0.04445676865619341,2.5618172197693503,1,2,1,1,1.0,-2.8389566012698038,3.251925313922088
EURUSDT,0.0007131095016724939,0.04391098977716121,0.000387348898824309,3,1,0,3,0.9725422059870137,-2.245211102534401,-1.0152956134881461
FETUSDT,0.002937576286313276,0.07301098038744494,0.0030166652311225967,2,0,0,0,0.999998763397293,1.490043663679375,0.46843621728587753
FIOUSDT,0.0007410371572133849,0.06712634708734645,-0.0009467254901960776,4,1,0,0,0.8529300258812633,-0.6076303515447106,-1.0255954543082548
FTTUSDT,0.001938732010299506,0.06840600142073293,-0.010727817899436878,0,3,0,4,0.9999991968086813,0.4089661257229454,-0.22495359046785884
FUNUSDT,0.0025443706398744007,0.06654965591060437,7.028569872393405e-05,0,0,0,0,0.9998696656700394,0.7395758570788452,0.20434215424871938
HBARUSDT,0.003043073425655423,0.06907912118839594,0.0015118364153627313,2,0,0,0,0.9999989182807569,1.2985501696140365,0.5428727028464704
HIVEUSDT,0.0015291360663558789,0.06372307462060675,-0.0006938918159466092,4,4,0,0,0.9845269255809117,-0.23801737805468712,-0.484612943417403
HOTUSDT,0.0016061837924492399,0.06112853229737063,-5.920654659805485e-07,4,4,0,0,0.98621135968967,-0.35965151877382195,-0.4281336833168707
ICXUSDT,0.0009250804935648216,0.05870487771376076,-0.003371719963153044,4,1,0,0,0.9488744434101227,-1.050511929738257,-0.8936151578698281
IOSTUSDT,0.0014216631249011616,0.06037344950638045,-5.969947826086953e-05,4,4,0,0,0.9793509944145893,-0.5541704240841993,-0.5529578338868191
IOTAUSDT,0.0008994598889820552,0.055148992698462594,-0.002146150809317015,4,1,0,0,0.9764698102866464,-1.3183669946741081,-0.9051770512684274
IOTXUSDT,0.0032505572656438882,0.07731303735844515,0.00015313679108095016,2,0,0,0,0.9999999869411066,2.0319467849260096,0.6725408563416393
JSTUSDT,0.0009454755105177128,0.05270606272087976,-0.00014130505952380964,4,1,0,0,0.9822367805283707,-1.454107832668141,-0.8682182106744544
KAVAUSDT,0.001364875800027429,0.0611535889448328,-0.004790532885261644,4,4,0,0,0.6658124263488021,-0.5408107947818387,-0.5989989686500402
KNCUSDT,0.0012533107481677015,0.06184528026139583,-0.007686895248380134,4,4,0,4,0.9892544028239948,-0.5768445649033401,-0.679731197106186
KSMUSDT,0.0013569475899859972,0.06537401474259354,-0.1726715686274511,4,1,0,4,1.0,-0.15444683627683262,-0.8383319607617555
LINKUSDT,0.0031781814807616358,0.058557135008539256,0.10426102748414377,0,0,0,2,0.999998068477494,0.6099494947090992,0.7874454074899175
LRCUSDT,0.002109702328231802,0.06899912074637264,-1.5646328293736636e-05,0,3,0,0,0.9990447032502199,0.5755165136360711,-0.09463650112271539
LSKUSDT,0.0009985085566166449,0.05641904672892695,-0.007702423783055412,4,1,0,4,0.9900075560350053,-1.150495037856755,-0.8468172549263584
LTCUSDT,0.0013555019879411586,0.04794484673801749,0.29590117120673737,3,4,0,3,0.9999998911007221,-1.6440600645768648,-0.1796896477277566
LUNAUSDT,0.0032505572656438882,0.0819010381877543,-0.0016349537299339516,2,0,0,0,0.9999999914942834,2.3522276943463507,0.664668459769661
MANAUSDT,0.0031755445750913467,0.07373736559274921,0.0016910007419773656,2,0,0,0,0.9999999380747938,1.724516688524843,0.6277978017857185
MBLUSDT,0.002103431576584401,0.07213466673534764,5.856839782756278e-06,0,3,0,0,0.9992550401386211,0.7888457110240464,-0.10259058547024447
MDTUSDT,0.0030958347956814083,0.07374114399596406,0.00012950044826967887,2,0,0,0,0.999999777179265,1.66435026663695,0.5713905256746568
MKRUSDT,0.0021226761896821315,0.05489128257102861,2.5618172197693503,1,2,1,1,1.0,-1.9039738226169831,3.424428323528836
MTLUSDT,0.0026996545908686055,0.07929250687419435,0.002805994097545822,2,0,0,0,0.9999927551683294,1.7441141797563153,0.29871114032253265
NEOUSDT,0.0009162178874253447,0.055338917030571644,-0.07188694565074347,4,1,0,4,1.0,-1.2512058454876744,-0.9890958506150049
NKNUSDT,0.002929372526923195,0.08011169230243204,-4.732951835955263e-06,2,0,0,0,0.999999838861736,1.9795683815900456,0.4503200973415206
NMRUSDT,0.0010669556269829541,0.06533391373021621,-0.17284098889229757,4,1,0,4,1.0,-0.3803287808683332,-1.035967479071456
OGNUSDT,0.002348416037882363,0.08050148797243854,-0.0004924049161268914,2,0,0,0,0.9999469456527063,1.5598455270379552,0.053627232280113554
ONEUSDT,0.0020852236297710636,0.0706637519824812,-6.444010767160171e-05,0,3,0,0,0.9990638222156616,0.6725286320615302,-0.11334186990132687
ONGUSDT,0.0023715019259452257,0.0819010381877543,-0.0024933019137389303,2,0,0,0,0.9999410215342829,1.6761705088711774,0.0649599240978483
ONTUSDT,0.0007131095016724939,0.05816864080516888,-0.01150223055665219,4,1,0,4,0.9999983245581638,-1.2461800838328962,-1.0483959146654906
PAXGUSDT,0.0007131095016724939,0.04391098977716121,2.5618172197693503,1,2,1,1,1.0,-3.7528404183899498,2.4776766365126135
QTUMUSDT,0.0012339187006288892,0.05818881348264542,-0.013447532570075011,4,1,0,4,0.9999999999964078,-0.8427922124073546,-0.6964599678600515
RLCUSDT,0.0026198020242253427,0.07177304452946257,0.003076555178542575,2,0,0,0,0.9999584807375791,1.1593000459833624,0.25361548883824875
RSRUSDT,0.0023982622275913372,0.0819010381877543,-6.027346096096099e-05,2,0,0,0,0.9999676122848578,1.6953344439748772,0.0864985597211418
RUNEUSDT,0.0029365955027358527,0.07302073136219918,0.007523453996983427,2,0,0,0,0.9993710082078289,1.4873146233371288,0.47390268518585504
RVNUSDT,0.0016020569022778476,0.06300655784793369,-0.00012159173371194203,0,4,0,0,0.9870026178881008,-0.23208542972139326,-0.4333329641505109
SANDUSDT,0.0032505572656438882,0.07529681090842619,0.0019718110676355412,2,0,0,0,0.9999999834410406,1.8905893354166956,0.6774089587726818
SCUSDT,0.0016653603731255143,0.05704472151396498,6.644602479941608e-07,4,4,0,0,0.9829107897176288,-0.5982545996450195,-0.3830025089745155
SNXUSDT,0.001225720673255945,0.06496176387096468,-0.02417254794520547,4,1,0,4,1.0,-0.37153413456798057,-0.7246892587292451
SOLUSDT,0.0032505572656438882,0.06403089918677689,1.3955114453125002,2,0,-1,2,1.0,0.2864965591608932,2.5910952445178115
STORJUSDT,0.0027010450480092,0.07490721599401963,-0.0001528713968957892,2,0,0,0,0.9999947792107063,1.4418017908202092,0.30081686131046614
STXUSDT,0.0026740835271044897,0.07163571408827035,0.004098878220515282,2,0,0,0,0.99993660727447,1.1909206063794011,0.2921318756561823
SUSHIUSDT,0.0014102082496872015,0.07410465648159531,-0.007751458686241298,0,3,0,4,0.9164751411061167,0.396944147488663,-0.587509614832367
SXPUSDT,0.0008796999943617925,0.06490635695182097,-0.01916687614847482,4,1,0,4,1.0,-0.6446493898107404,-0.953398743043726
TFUELUSDT,0.0025506302942923807,0.06877283640903716,0.00016287393831023703,0,0,0,0,0.9999338290980206,0.8990257369625314,0.20609740988588063
THETAUSDT,0.0026420904546118774,0.060404266572870284,0.004689983632909556,0,0,0,0,0.9992933596214805,0.3844765497565575,0.2844567504271846
TRBUSDT,0.0028567565367585675,0.08186110204847098,0.07097771514468251,2,0,0,2,0.9999973086008427,2.0036223716811374,0.49560215165967286
TRXUSDT,0.0020436467046462056,0.04880613993432915,0.0017081918673509673,3,4,0,3,0.9456227500068252,-0.8813448273227771,-0.11334570598246245
TUSDUSDT,0.0007131095016724939,0.04391098977716121,-2.3506475225224408e-05,3,1,0,3,0.9716233919757141,-2.2449692776015624,-1.0158558889954474
UMAUSDT,0.0007929980836416648,0.07049206606181029,-0.06829003592361504,4,1,0,4,1.0,-0.2938179230859223,-1.0860370079138362
USDCUSDT,0.0007131095016724939,0.04391098977716121,4.736260454002533e-05,3,1,0,3,0.9717487539281018,-2.245010990358744,-1.0157592462054894
VETUSDT,0.001815390984753545,0.05928515019162692,6.339255165153301e-05,0,4,0,0,0.9899858235759219,-0.3269341321439576,-0.2834165164345954
VTHOUSDT,0.002890703820696765,0.0819010381877543,3.1812328013208485e-06,2,0,0,0,0.9999998374892628,2.0743033431011932,0.42188254588790464
WANUSDT,0.00109038618184112,0.05734076126022075,-0.00095058201058201,4,1,0,0,0.9758265225611511,-1.0196237835842645,-0.7761432240817067
WINUSDT,0.0009379844777699392,0.06424491486747873,-1.8231888068880698e-06,4,1,0,0,0.9098092307473247,-0.6570937156022059,-0.8867951307580558
XLMUSDT,0.0015714751834602055,0.055080390209900625,0.0011468827477299646,4,4,0,0,0.9771394595319746,-0.8078639018866746,-0.44303816284072983
XRPUSDT,0.0022133283862686335,0.055459660147489445,0.015926503224108435,0,4,0,4,0.9999999999999254,-0.2961733432398784,0.01369730381478476
XTZUSDT,0.0015151823878906988,0.0556698995833351,-0.0004937038789025501,4,4,0,0,0.9754377926269656,-0.8092063918318546,-0.4843026874518966
YFIUSDT,0.0017478248267622676,0.0616019988240105,-0.17284098889229757,0,4,0,4,1.0,-0.11596263661630081,-0.5679519064246152
ZECUSDT,0.0012797036791948407,0.053677615303895046,-0.17284098889229757,4,4,0,4,1.0,-1.0276213174522808,-0.8773042546888368
ZENUSDT,0.002261464314245879,0.06780093147008993,0.0008144420131290821,0,3,0,0,0.9995409348958724,0.6084623079709187,0.011247484467553607
ZILUSDT,0.001704071194500881,0.0637797155669742,-3.634877734877728e-05,0,4,0,0,0.9907832883630966,-0.09982506542159911,-0.36467216217181875
ZRXUSDT,0.0018087810381641602,0.061156131097870485,-7.989233419465932e-05,0,4,0,0,0.9917186615292997,-0.20175616267855903,-0.29032852626248323
